There are lots of goal setting resources online,There are tons of goal setting tools online,-6.521240234375,-34.80374813079834,-34.54249143600464,-114.642333984375,-121.16357421875
As long as you take all of it,As long as you have hold of me,-4.0458984375,-29.466161727905273,-29.44088840484619,-97.710693359375,-101.756591796875
This would have allowed you to full heal,This would have allowed you to continuously heal,-3.487060546875,-34.78353786468506,-34.21128177642822,-111.160888671875,-114.64794921875
Many guns were not designed to kill people,Mass killers are not out to hurt people,-11.51611328125,-33.233662128448486,-32.5928840637207,-107.0595703125,-118.57568359375
I especially like the moments of dirty talking,I especially love the hinting of dirty fingering,-17.07666015625,-42.06162929534912,-40.492337703704834,-117.215087890625,-134.291748046875
Filled out and signed all the forms yesterday,Filled out and mailed all the forms electronically,-7.45556640625,-40.49038600921631,-39.719698905944824,-121.67138671875,-129.126953125
Also the parent company is shady as shit,Plus the whole location is fest as heck,-17.4033203125,-41.09116172790527,-41.04327344894409,-112.9521484375,-130.35546875
It requires open source photos and basic logic,Mac provides cross source compiler and link tooling,-36.90673828125,-46.34830141067505,-45.32907199859619,-119.57763671875,-156.484375
The trust I had for him was immediate,The artistry I saw from him was aces,-14.6982421875,-35.78366804122925,-35.59999942779541,-113.190185546875,-127.888427734375
More power to their obviously evil secret empire,More power to any trainee wannabe heist mastermind,-15.4599609375,-52.596874713897705,-51.993186950683594,-126.5458984375,-142.005859375
