That came after the whistle had been blown,These obliged when the telephone had been ringing,-18.6923828125,-37.985727310180664,-37.85122108459473,-90.004638671875,-108.697021484375
No different than any other mind controlling organization,Anything additional than the other octave else consisting,-35.65234375,-58.71006774902344,-58.53890609741211,-98.892822265625,-134.545166015625
Going to use it till I get bored,Repeat and stay time till they get start,-29.890380859375,-42.02240562438965,-41.73065185546875,-88.8056640625,-118.696044921875
She does come off as a child though,She does differentiate herself as a Mac gamer,-25.7998046875,-42.12645721435547,-41.9712028503418,-89.2890625,-115.0888671875
Somebody asked me why I hate the military,So asked me why I hated the Bud,-15.472900390625,-36.984859466552734,-36.379451751708984,-84.6337890625,-100.106689453125
Looks like same logic could be used here,Similar and intravenous diapers can be available randomly,-29.616455078125,-49.441036224365234,-49.05956268310547,-98.29052734375,-127.906982421875
You dont need articles to state the obvious,You simply need continuum to shitload the muscle,-33.717529296875,-49.89424133300781,-49.59876251220703,-92.798095703125,-126.515625
I think some of the complaints are exaggerated,I think some of the aspects are that,-4.250732421875,-30.133766174316406,-29.96849822998047,-85.34619140625,-89.596923828125
The battery unless damaged is wrapped and sealed,The encircle lot amidships being watertight and longitudinal,-23.942626953125,-62.740203857421875,-62.53662872314453,-119.776123046875,-143.71875
That would make them look at our issues,All things make us look in our mirror,-19.46728515625,-35.7387638092041,-35.27453422546387,-83.7939453125,-103.26123046875
