He only made concepts for the previous robes,That only made racially for the rant mutinied,-9.68701171875,-106.116455078125,-106.1162109375,-119.068359375,-128.75537109375
We are coming from the mountains above Boulder,We are coming from the heaven above arduous,-1.505615234375,-95.094482421875,-95.091796875,-111.05029296875,-112.555908203125
Financially viable was the wrong phrase to use,Epsom remove completely the wrong phrase to mean,-11.96630859375,-107.4755859375,-107.441650390625,-126.107666015625,-138.073974609375
He will do nothing more than hurt you,That will do nothing more to clothe you,-6.14697265625,-81.736572265625,-81.529296875,-99.878173828125,-106.025146484375
Never even heard of it until this post,Never really knew of it what you proposed,-6.09130859375,-89.201904296875,-88.551025390625,-108.80419921875,-114.8955078125
I believe they will figure it out soon,I hope someone will figure it out eventually,-5.65869140625,-79.03076171875,-77.5361328125,-104.751953125,-110.41064453125
Someone spent way too much time on that,Richmond spent way too much focus on myself,-4.138671875,-86.51171875,-86.373046875,-109.77392578125,-113.91259765625
Not the case when your volume is encrypted,Paying your car upon crashing election is annual,-21.46337890625,-100.132080078125,-99.37841796875,-117.751953125,-139.21533203125
After I finally bought in chrome last week,After they wrap password in chrome last week,-11.116455078125,-98.5087890625,-97.72216796875,-114.726318359375,-125.8427734375
Yeah what happened to just helping people because,Man what amounts to just echo out possibly,-17.813720703125,-104.986083984375,-104.97216796875,-115.712646484375,-133.5263671875
