Uruguay chunk bluffing fax minors ascend convenient meetings,However forking is aria ing aria ing aria,-69.69223642349243,-168.312255859375,-168.3759765625,-112.21146869659424,-42.51923227310181
Monarch rumoured occasionally cards crunches packing youngsters robberies,Bypass bypass bypass bypass vulnerabilities bypass vulnerable software,-73.97081923484802,-166.172119140625,-166.746826171875,-120.62809658050537,-46.65727734565735
Leonard angrily resets transfer bilingual longs brighter refers,But ist ist ist ist ist ist is,-90.1435546875,-166.26220703125,-169.294921875,-115.08923244476318,-24.945677757263184
Okay swirled damaged tenders so miracles endanger lingered,As aces tenders tenders tend aces tend aces,-71.92296695709229,-160.548095703125,-163.017333984375,-108.98854303359985,-37.06557607650757
Ascot clapping Underwood enrage violations manuals capita blink,Bypass seatbelt violation seatbelt violation sub capita sub,-57.62703347206116,-175.08740234375,-175.580810546875,-119.6904444694519,-62.06341099739075
Eleanor dancing makers midweek commentators absurdity rainy tallied,Afterward deodorant washes whereupon patients ref rainy showers,-53.725425720214844,-167.333984375,-167.524169921875,-118.64382410049438,-64.91839838027954
Yaya rulers factors township gays advertises embarrassment Ava,Prosecution witnesses contended ist ist ist ist ist,-81.45799732208252,-170.940673828125,-171.264404296875,-126.61203145980835,-45.15403413772583
We been exited shading christians deflect annoy banks,We sure done outta space pun ish huh,-51.048354625701904,-157.9716796875,-158.44140625,-104.30682468414307,-53.25847005844116
Tibet shuts survive Bologna impresses connecting appellate guitarists,Con Bologna ist Bologna con Bologna con Bologna,-67.03935194015503,-170.8125,-171.890869140625,-114.3461799621582,-47.306828022003174
Intel hoc ballooned recommend specializes accurate tear paraphrase,And sic sic sic sic sic sic sic,-88.38114976882935,-173.681396484375,-188.052001953125,-116.09066390991211,-27.709514141082764
