Oklahoma wins on a last second defensive play,Oklahoma wins on its final second power play,-1.6171875,-48.30241012573242,-47.39072799682617,-122.958251953125,-124.575439453125
Its clearly just a car covered in leaves,Looks clearly like a car covered in rusting,-10.972412109375,-47.43671417236328,-46.93897247314453,-119.5166015625,-130.489013671875
He would make me feel literally like shit,That can make me feel spiritually like myself,-8.5126953125,-36.39479446411133,-36.33238220214844,-108.447021484375,-116.959716796875
Remake them with the same story and characters,Remake movies have the same plot and storyline,-8.5341796875,-40.528968811035156,-39.4822998046875,-200.726806640625,-209.260986328125
Not expecting to ever actually get any money,Not expecting to ever ever get any results,-3.50830078125,-38.642601013183594,-38.50776672363281,-110.0654296875,-113.57373046875
So no democracy is not a failed system,Today western America is considered a tolerant democracy,-18.640380859375,-39.27088165283203,-39.19183349609375,-111.5029296875,-130.143310546875
I can see you attempting to do that,I can see myself continuing to do that,-2.485107421875,-28.957509994506836,-27.701210021972656,-100.399658203125,-102.884765625
It seems that he is a different breed,It appears that this is a strange concept,-3.6259765625,-26.333988189697266,-26.167184829711914,-98.4208984375,-102.046875
I have heard horror stories though from others,We have heard similar stories repeatedly from friends,-5.556884765625,-35.607391357421875,-35.03329849243164,-111.037841796875,-116.5947265625
Long distance can be hard for many reason,Short trips can be avoided for many reason,-9.922607421875,-38.99042510986328,-38.07246398925781,-113.7568359375,-123.679443359375
