Apart from Western Australia which is just fucked,Not from south Korea anyone is getting hammered,-15.006217956542969,-48.22281265258789,-47.52386474609375,-53.36278533935547,-68.36900329589844
There has been a hoax or two perpetrated,It has become a hoax as something perpetrated,-9.644371032714844,-42.976173400878906,-41.758140563964844,-56.94606018066406,-66.5904312133789
Anyone who has ever played hockey knows this,Anyone who has ever played soccer knows this,-0.01220703125,-29.93383026123047,-29.669849395751953,-40.059181213378906,-40.071388244628906
Now get the hell out of my crib,To get the most out of merry christmas,-26.806644439697266,-34.05089569091797,-33.67031478881836,-43.480045318603516,-70.28668975830078
you can report one more to reverse it,you may subscribed anytime anytime to reach us,-22.787246704101562,-44.564517974853516,-42.37467956542969,-52.97722625732422,-75.76447296142578
My grass is going to be a jungle,One strawberry is going to be a Cherry,-13.51235580444336,-34.029632568359375,-33.1346435546875,-40.50384521484375,-54.01620101928711
Last show I watched was the Dragon Prince,One film we watched was the christmas pudding,-28.036392211914062,-39.71730041503906,-38.449745178222656,-49.13691711425781,-77.17330932617188
The new update broke the scientist career outfits,The federal amnesty States for confidentiality covenant messaging,-47.41252899169922,-64.98646545410156,-64.9201431274414,-70.28466033935547,-117.69718933105469
Holy shit I just unlocked a new fetish,Holy shit we have released a new fetish,-5.89300537109375,-46.5049934387207,-46.45051193237305,-61.288551330566406,-67.18155670166016
Going to use it till I get bored,Continuing to see it again I get better,-11.699382781982422,-37.76124954223633,-37.487056732177734,-39.15247344970703,-50.85185623168945
