Everything about it is super negative towards humanity,Yorker because he is viciously vicious toward liberals,-38.68798828125,-62.03356170654297,-61.5989875793457,-98.989501953125,-137.677490234375
Black Panther absolutely does not deserve this nomination,Black Panther absolutely does not deserve another Oscar,-8.349609375,-55.36171340942383,-55.01778793334961,-103.944091796875,-112.293701171875
Suddenly the Taco Bell slogan makes complete sense,Compared the Taco Bell slogan makes less sense,-15.557373046875,-60.333797454833984,-60.13083267211914,-105.149658203125,-120.70703125
I feel like this is something grandpa says,I feel like this is something sic did,-4.900634765625,-53.35137176513672,-53.13226318359375,-94.45947265625,-99.360107421875
And another match it was the opposite way,On on arrival it turns the opposite way,-19.121826171875,-57.25027847290039,-56.84090042114258,-91.38134765625,-110.503173828125
The original discs are recognizable by the system,The and according values defaulted by the user,-26.881103515625,-60.28779983520508,-60.118350982666016,-97.830810546875,-124.7119140625
Taxi should have waited until the Driver passed,Yorker could have waited until that spate ended,-21.58642578125,-65.98844909667969,-64.92282104492188,-109.22509765625,-130.8115234375
Except we do know when he confirmed it,News we only know after they publicize it,-22.656982421875,-57.39769744873047,-57.25507736206055,-93.302978515625,-115.9599609375
In awe at the size of this lad,I awe in the professionalism of that reporter,-19.741943359375,-55.359554290771484,-55.35326385498047,-95.462890625,-115.204833984375
So many people would comment on my hands,Subscribe the people who empathize reading this blog,-44.921875,-56.115745544433594,-55.88978576660156,-81.749755859375,-126.671630859375
