He did curry which was actually quite nice,It levied crippling callers were actually quite fun,-46.75403594970703,-99.38134765625,-99.255859375,-56.529823303222656,-103.28385925292969
This is so on point it fucking hurts,Nothing is threaded on upgrading your fucking hilarious,-40.86115646362305,-95.288330078125,-94.843505859375,-48.041996002197266,-88.90315246582031
What a blessing to have that guy back,What a cliffhanger to perpetuate that really matters,-29.37323760986328,-90.04150390625,-89.027099609375,-40.4005126953125,-69.77375030517578
Put slightly more spinach in my scrambled eggs,Although crushes headlined Glastonbury in your inbox shopped,-62.06148910522461,-115.41259765625,-114.3525390625,-61.4543571472168,-123.5158462524414
I use it for a couple of projects,I take it for a myriad of possible,-13.138580322265625,-80.522705078125,-80.4560546875,-34.19862365722656,-47.33720397949219
Besides yesterday he had been really bad recently,Besides effecting which had culminated the bad outweighs,-41.80083465576172,-105.23388671875,-104.9453125,-49.28047180175781,-91.08130645751953
The Color and Shape tied with Self Titled,Dave hops would jokingly clogged drains Khrushchev apiece,-87.6806640625,-126.929931640625,-126.77734375,-57.44151306152344,-145.12217712402344
One girl was sent there by her family,One division was sent there by his family,-9.374984741210938,-86.4150390625,-86.241455078125,-42.217857360839844,-51.59284210205078
or something worse happened the second time around,Buying something miraculous occurred the next time you,-29.564998626708984,-95.30615234375,-95.087646484375,-41.17673110961914,-70.74172973632812
Sit your partner down and talk about it,Sit your soft palette and blunt about this,-34.37425994873047,-86.32275390625,-85.981201171875,-38.20790100097656,-72.58216094970703
