Easter falls on a different day every year,Motors driving on a throne together every fortnight,-13.7841796875,-98.640380859375,-97.752685546875,-113.659912109375,-127.444091796875
I usually frame it for people this way,I mentally quarantined laws after boasting this straight,-20.6044921875,-100.754638671875,-100.751220703125,-112.224853515625,-132.829345703125
Castles in the Sky was historically terrible also,Infantry from the ketchup was historically rims decreases,-9.160400390625,-112.186279296875,-112.186279296875,-128.146728515625,-137.30712890625
I want that cock in those sheer pantyhose,They need that cock in mouth Nazareth pantyhose,-9.18701171875,-199.6083984375,-199.597900390625,-215.655517578125,-224.842529296875
You are clearly not one of our babies,You are clearly was one of four babies,-2.52783203125,-84.883544921875,-84.85498046875,-103.205810546875,-105.733642578125
Bamboo rolling mat is faster and way better,Robot rolling bluff is arcane and way hotter,-11.06298828125,-110.98486328125,-110.974365234375,-129.776611328125,-140.839599609375
He even uses me for his own satisfaction,He rapidly designated ten as his own making,-13.0380859375,-90.708251953125,-90.049072265625,-108.615478515625,-121.653564453125
Especially since I got a run of things,Seconds after I made a run of results,-8.8671875,-84.531982421875,-83.52197265625,-102.837158203125,-111.704345703125
It sounds like this man is very confused,It felt like the wise and very just,-11.0830078125,-85.142578125,-85.13427734375,-98.968017578125,-110.051025390625
Some think Suicide Squad is a good film,Some motorists passing Antwerp is a good employee,-7.0185546875,-98.71826171875,-98.677978515625,-115.27978515625,-122.29833984375
