Was thinking of just dying my hair grey,Been thinking about quitting straighten my hair bleaching,-18.805150085449228,-98.604248046875,-98.44140625,-57.59932629394531,-76.40447637939454
The attempted attacks against America are insanely high,The librarian attacks against mosques are way overpriced,-18.36948297119141,-97.93359375,-97.855712890625,-59.702807739257814,-78.07229071044922
When he shit against anyone who understands blocking,When buying beef jerky has too das Orleans,-52.852397338867185,-109.591796875,-109.289306640625,-63.04352600097656,-115.89592333984375
Sea of thieves fits your description pretty well,Told Cora kinetic fits that description fits most,-41.07132659912109,-109.63525390625,-108.769287109375,-66.38312677001953,-107.45445336914062
They will cause a bit of color loss,It supposedly inciting a riot of color changer,-34.714763305664064,-94.347900390625,-92.913330078125,-45.65587036132813,-80.37063366699219
If you only count the Democrats fixing it,Otherwise you may count the notches disapprove it,-30.367855957031246,-97.67041015625,-97.4873046875,-50.43475512695313,-80.80261108398437
People like that piss me off so much,People magazine that piss me off so easily,-9.875072509765623,-84.77734375,-84.575927734375,-46.24054644775391,-56.11561895751953
It was both a riot and an uprising,He recounted how a proton and an Alma,-27.21124188232421,-91.233642578125,-91.07177734375,-45.96388189697266,-73.17512377929687
I agree to pretty much everything you say,The moderator to pretty much everything you own,-17.435108764648433,-83.83984375,-83.492919921875,-37.37266412353516,-54.80777288818359
So they just think the movie is bad,Then they all gave the movie is intelligence,-13.124226989746091,-85.290283203125,-85.11083984375,-39.810823547363285,-52.935050537109376
