Blake blushing and laughing at anything Yang says,Yan specializes or aims at nothing Yan does,-22.66357421875,-59.9385986328125,-59.8714599609375,-128.725830078125,-151.389404296875
Do yourself a favor and ditch the nazi,Do us a favour and ditch the lieu,-14.167236328125,-50.14777755737305,-49.045230865478516,-120.686767578125,-134.85400390625
Now they love spending time together and playing,How they liked spending time talking and relaxing,-6.178466796875,-46.45050048828125,-46.313602447509766,-111.43798828125,-117.616455078125
Starting out is always slower than people think,Cycle length is necessarily longer than humans expect,-21.564697265625,-46.000465393066406,-45.79836654663086,-115.052001953125,-136.61669921875
Again I think both systems have their merits,Sir I suppose both terms have synonymous meanings,-24.1044921875,-51.11493682861328,-50.68212890625,-111.8994140625,-136.00390625
Well toss up between Galaxy and Universe classes,Zealand splits it between Galaxy and Universe galaxies,-16.48779296875,-65.34220123291016,-64.02816009521484,-137.494140625,-153.98193359375
I ever just saw the trailer for it,Had obviously only gotten one fix for tonight,-24.645263671875,-49.218257904052734,-49.155601501464844,-106.655517578125,-131.30078125
Right click that folder and select Get Info,Please reload this folder and view imp inner,-14.96484375,-65.85258483886719,-65.47444152832031,-140.1318359375,-155.0966796875
Those are the kinds of things I love,Those are the kinds of things people say,-3.158203125,-30.65890121459961,-30.325572967529297,-102.9892578125,-106.1474609375
They want more money from us for that,They get no credit from us for that,-6.57421875,-37.4715576171875,-35.92486572265625,-104.652099609375,-111.226318359375
