It requires open source photos and basic logic,It follows basic source corrections through source corrections,-18.2519771118164,-57.06675720214844,-56.740150451660156,-59.197521728515625,-77.44949884033203
The economy will soon be in a Depression,Our lives would now be under a bind,-9.705483886718746,-42.498680114746094,-41.227378845214844,-43.761577270507814,-53.46706115722656
Please never play online with that internet connection,Can can play golf without royal blood relation,-20.880019897460933,-56.07313537597656,-55.42619705200195,-56.69810144042969,-77.57812133789062
They have never been a legitimate news organization,That had certainly been a top breaking story,-13.827812011718756,-41.476768493652344,-41.142967224121094,-38.74492266845703,-52.572734680175785
Anything that measures pitch can be thrown off,Anything which climbs uphill can be climbed uphill,-16.130781372070317,-51.711090087890625,-51.28810119628906,-54.208326171875,-70.33910754394532
Yes I did so what are you saying,Yes I did and what are you saying,-0.249723632812497,-41.74848175048828,-41.06049728393555,-44.05316003417969,-44.30288366699219
They believe that a lower level is impossible,Critics argue that no age restriction is required,-16.661909179687505,-41.21038055419922,-40.9992790222168,-39.16439349365234,-55.826302673339846
The opponent is always on your teams chem,An ecosystem is modelled using an Elm kinetic,-43.942509643554686,-60.352447509765625,-59.61213302612305,-59.95960461425781,-103.9021142578125
Definitely not like any of the other ones,Platform shaped like some of the other ones,-15.534965087890619,-43.23363494873047,-43.216434478759766,-40.351656066894535,-55.88662115478515
The boy seems to be our best hope,The boy had to be its only hope,-2.5131108398437476,-35.162200927734375,-34.283172607421875,-40.91682604980469,-43.42993688964844
