Not to mention upgrades are straightforward unlike Payback,Not to mention all are descendants unlike potted,-14.183492183685303,-69.04335021972656,-68.19625854492188,-58.363479137420654,-72.54697132110596
Except where additional payment is required by law,Given that a definition was required by law,-15.258951663970947,-42.96424865722656,-42.32368469238281,-28.735692024230957,-43.994643688201904
when we were about to finish the game,Unfortunately we were about to enter the lake,-2.98356294631958,-37.85361862182617,-37.67892074584961,-32.83527374267578,-35.81883668899536
Democracy is sometimes like water in a bath,Leto was shaped as fish in a lagoon,-22.835054874420166,-44.24925994873047,-43.63719940185547,-35.72387886047363,-58.5589337348938
Especially we connected so well at the moment,Tristan was withdrawn so only for a moment,-13.789129257202148,-48.76961135864258,-48.02959442138672,-43.72789525985718,-57.517024517059326
He needs to make better decisions is all,She pretended to make less sense at all,-15.422125816345215,-42.85420608520508,-42.3099250793457,-32.014620304107666,-47.43674612045288
Please correct this and submit your post again,Please report further and prepare the findings report,-23.123430252075195,-50.370811462402344,-48.6486930847168,-34.61318874359131,-57.736618995666504
I really hope they see profit and expand,I give hope and know who whom may,-27.78682279586792,-51.79368591308594,-51.57437515258789,-39.10028839111328,-66.8871111869812
so he can enjoy the artwork in full,Perhaps he would reverse the artwork in reverse,-9.263845920562744,-46.571319580078125,-46.11992645263672,-41.428711891174316,-50.69255781173706
This could be used with just one person,This may be used against just one person,-2.9754981994628906,-36.729835510253906,-35.762481689453125,-33.46948194503784,-36.44498014450073
