It should also be visible for extra damage,She had changed very humbling experience overall damage,-45.4276123046875,-108.43310546875,-108.189453125,-51.587486267089844,-97.01509857177734
I had to get an identity protection service,I had to keep silent airship protection rackets,-39.29625701904297,-106.50244140625,-105.977294921875,-44.32630920410156,-83.62256622314453
What a blast from the past this is,If you reformers in the same year warranty,-32.58137512207031,-104.372802734375,-104.29345703125,-39.301063537597656,-71.88243865966797
and prove their love is beyond any magic,Libya renounced their eyes and straining my coworkers,-43.222679138183594,-116.90087890625,-116.884521484375,-50.43852996826172,-93.66120910644531
No that is not my implication at all,Three subspecies is not disclose resonated across Syria,-50.850494384765625,-117.000732421875,-116.865478515625,-41.185516357421875,-92.0360107421875
Beyond this we need not bother to continue,Earlier this really need not obligated to alight,-34.047637939453125,-109.085205078125,-108.6416015625,-45.74365997314453,-79.79129791259766
Sick time stop when you open your inventory,Khrushchev battleground queue because people just your workout,-52.708797454833984,-126.793212890625,-126.780517578125,-60.119937896728516,-112.8287353515625
Because both parties are beholden to corporate money,Having both parties are flocking to improve acne,-25.361461639404297,-112.239013671875,-112.076171875,-52.22446060180664,-77.58592224121094
They all make the house smell pretty bad,It really beg your team travelled the affidavit,-44.5955810546875,-111.410888671875,-111.158447265625,-41.89537048339844,-86.49095153808594
In Australia even cars try to kill you,In persecuted purely anecdotal generalization to express myself,-47.2806282043457,-117.5283203125,-117.406982421875,-47.452327728271484,-94.73295593261719
