As often as opportunity allows to fully dress,We often with uplifted allows users disables apiece,-46.74119604492188,-126.119384765625,-126.03125,-60.46611639404297,-107.20731243896485
Quit crying about it and just move on,Retrieved raved about how to just shrugs it,-34.679042907714845,-114.990234375,-114.623291015625,-46.437602294921874,-81.11664520263672
At least your library has Star Wars novels,At least a worldview crammed Star Wars merchandising,-22.9002338256836,-115.518310546875,-114.630126953125,-55.30920599365234,-78.20943981933594
Choosing your mom here is a mental disorder,Sort your buck goats were a mental illness,-22.858254882812503,-111.735107421875,-111.437255859375,-49.61742236328125,-72.47567724609375
Nice burn and was not harsh at all,Lets Kang and did not stinging rebuke me,-39.00932885742188,-119.061767578125,-119.02392578125,-49.4633720703125,-88.47270092773438
I agree with the major points made here,I do with a major depressive made haste,-16.944415161132817,-104.84716796875,-104.43359375,-43.052703491210934,-59.99711865234375
Show me one person who supports the draft,Gave up in person who opposes the northeast,-17.506332458496097,-110.1357421875,-110.053466796875,-48.89167529296875,-66.39800775146485
The craziest part is I really miss her,The anterior part because neither shall send her,-17.688529724121096,-108.10986328125,-107.9794921875,-47.37329467773438,-65.06182440185547
Not everyone wants to drive such a car,Not everyone else to drive capped a smile,-12.33723602294922,-103.537841796875,-103.52783203125,-42.211550842285156,-54.548786865234376
I dropped my calories a little before January,She leaned my calories a long before disbanding,-17.70687030029297,-111.6533203125,-111.199462890625,-52.157081298828125,-69.8639515991211
