And the German officers were more than competent,During the armoured cruisers and most people grow,-24.61444854736328,-105.92822265625,-105.7333984375,-56.042808532714844,-80.65725708007812
That tray need a little Snow on it,Lane ecclesiastical uttered a slam quarterfinals took me,-47.81053924560547,-123.817138671875,-123.734619140625,-69.15584564208984,-116.96638488769531
I imagine he goes cross eyed near climax,Asked whether he goes gourmet eruptions subsided paedophile,-69.84051513671875,-128.766845703125,-128.276611328125,-69.79092407226562,-139.63143920898438
These are the days of uncertainty and exploration,You know the northwest of serious respiratory organ,-35.60910415649414,-109.01708984375,-108.778564453125,-52.08205795288086,-87.691162109375
Listen to something that gets you fired up,Prior to monkey remained blocked shots fired boilers,-61.94432067871094,-111.252197265625,-111.14208984375,-45.46221923828125,-107.40653991699219
We owe that to our children and grandchildren,We expect them carried her knees and curriculum,-41.913516998291016,-110.155517578125,-109.995361328125,-45.83012008666992,-87.74363708496094
Just got used to calling myself a ginger,Usually when her to undertake evasive and Gloucester,-53.87221145629883,-116.22509765625,-116.129150390625,-56.0373649597168,-109.90957641601562
Something about her is super cute to me,Something tells Mulder receives a navigable for me,-38.20036697387695,-109.19970703125,-108.672607421875,-55.210628509521484,-93.41099548339844
I highly suggest a group if you can,The convection developed a hypocrite if I said,-33.90641784667969,-103.348388671875,-103.0615234375,-51.46852111816406,-85.37493896484375
My boyfriend has extreme pleasure from anal play,My dad and clawing indiscriminately convective bands such,-53.891204833984375,-118.094970703125,-116.8740234375,-64.58982849121094,-118.48103332519531
