No one is protesting having an earnest discussion,No one is acceptable having an overt discussion,-7.910589694976807,-45.98795700073242,-45.23893737792969,-46.91580581665039,-54.8263955116272
Also China makes a ton of our shit,Our marketplace needs a lot of animal cruelty,-30.508785724639893,-46.36740493774414,-41.527976989746094,-41.536752223968506,-72.0455379486084
I am always rational in my everyday life,I am never lacking in my everyday life,-3.3594369888305664,-32.58866500854492,-32.23918151855469,-34.979007720947266,-38.33844470977783
We parted ways after her curiosity was satisfied,We parted ways until their lease was bought,-14.258291244506836,-43.16343688964844,-42.78762435913086,-39.78691577911377,-54.045207023620605
The man knew nothing about firearms safety rules,The movie does nothing about police personnel controls,-18.362030029296875,-43.608917236328125,-43.59418487548828,-39.85393238067627,-58.215962409973145
They fit about halfway up on all sizes,We would one one up by two other,-20.245933055877686,-45.218780517578125,-45.16251754760742,-43.392906665802,-63.63883972167969
I eventually found a flier online and applied,We successfully found a single single and searched,-18.736287117004395,-42.93811798095703,-42.64818572998047,-40.27763557434082,-59.013922691345215
Code of the Missile is okay at that,Large in the Ira are close at this,-17.378892421722412,-49.70409393310547,-49.25607681274414,-54.334041595458984,-71.7129340171814
But this feels good so here I am,But everything feels good so here I am,-2.6480627059936523,-32.75457763671875,-32.69060516357422,-35.64852571487427,-38.29658842086792
The color of them is a good indicator,The influence of factors is a good reason,-14.242226600646973,-33.50043487548828,-32.059715270996094,-31.397708892822266,-45.63993549346924
