The development team has been busy changing colors,The development team has been continually adding colors,-1.8378219604492188,-40.0037841796875,-39.90039825439453,-51.79038619995117,-53.62820816040039
you seem to not have lost your temper,you need to not have lost your confidence,-1.25537109375,-31.94713020324707,-31.159334182739258,-41.399375915527344,-42.654747009277344
He can see us with the third eye,One could see clearly from the human eye,-9.957040786743164,-32.76042938232422,-32.17433547973633,-31.901124954223633,-41.8581657409668
It has happened in virtually every game mode,That has happened to nearly every diocese worldwide,-5.681282043457031,-39.34111785888672,-39.31336212158203,-46.31500244140625,-51.99628448486328
This is what draining the swamp looks like,This is what snowballing the market looks like,-9.584957122802734,-36.87084197998047,-36.59737777709961,-45.74332809448242,-55.328285217285156
I only did better when they motivated me,I quickly learned immediately how it impacted me,-16.955726623535156,-38.302093505859375,-36.88175964355469,-44.09382629394531,-61.04955291748047
They were caught up in the politics too,We are all represented in this debate here,-9.346832275390625,-31.871816635131836,-30.91945457458496,-38.13140869140625,-47.478240966796875
he just has to identify as a woman,he just happens to be truly a businessman,-9.838409423828125,-34.252716064453125,-33.3431282043457,-36.58619689941406,-46.42460632324219
What the fuck are you on about accounts,What the heck are going on these pedophiles,-9.999832153320312,-47.06917953491211,-47.005889892578125,-45.545684814453125,-55.54551696777344
with the ever so slightly inflation each season,Hence the ever so elusive tenuous spring season,-18.429405212402344,-54.340293884277344,-54.1143798828125,-57.40502166748047,-75.83442687988281
