If I am incorrect please disregard this message,If I am incorrect please remove this template,-8.052001953125,-32.86391353607178,-31.91776180267334,-96.904541015625,-104.95654296875
But there has not been a test case,However there has not been a single sighting,-15.699951171875,-28.567311763763428,-28.342581748962402,-81.3740234375,-97.073974609375
There are too many bone sharks for me,There were too many cow clots for that,-7.15185546875,-38.93699836730957,-38.77889966964722,-98.294921875,-105.44677734375
Read my comment again and stop being arrogant,Read that caption again and imagine being blindfold,-25.958251953125,-42.38695192337036,-41.74056911468506,-98.927734375,-124.885986328125
Arguing with cops is a waste of breath,Arguing with anarchists is a waste of breath,-3.912109375,-32.888540267944336,-32.83866596221924,-93.83837890625,-97.75048828125
I bloated and retained water throughout my body,We soiled and spilled water throughout our camps,-16.983154296875,-41.968178272247314,-41.62658929824829,-101.57861328125,-118.561767578125
So keep a lookout for anyone of those,So keep a lookout for folks wearing those,-11.1865234375,-38.56837797164917,-38.14320755004883,-90.481201171875,-101.667724609375
It was the straw that broke my heart,That was the ball that broke our back,-23.542724609375,-30.039513111114502,-29.92396593093872,-71.621337890625,-95.1640625
I know that cops do look for knives,We know that newbies often fall for shills,-12.9306640625,-41.13890361785889,-40.70535659790039,-99.912841796875,-112.843505859375
I will not be using that site again,We will not be buying this brand again,-3.4130859375,-27.708616256713867,-27.10944366455078,-89.831298828125,-93.244384765625
