I eventually realized that they were too tight,I eventually realized that they were fairly well,-5.14198112487793,-79.46875,-79.32958984375,-29.538076400756836,-34.680057525634766
You and I work on the same frequency,You and I slammed on the same thickness,-15.694328308105469,-83.559814453125,-82.654052734375,-32.602394104003906,-48.296722412109375
You can tell he wanted that so bad,He could tell she loved ones fared forth,-29.628440856933594,-87.882568359375,-87.853271484375,-33.825721740722656,-63.45416259765625
Would go a long way in helping me,Would you a long way towards helping hand,-26.57257843017578,-85.465576171875,-85.4541015625,-33.27158737182617,-59.84416580200195
Make sure to take breaks in long sessions,Make sure to take similar in long spines,-18.144615173339844,-91.111083984375,-90.76611328125,-38.32501220703125,-56.469627380371094
That line of thinking is just so backwards,That fellow is this is probably profoundly look,-27.9093017578125,-91.84228515625,-91.73046875,-35.079002380371094,-62.988304138183594
I thought that was a big ass hand,She says she was a small premium networks,-19.829124450683594,-86.0390625,-85.67822265625,-35.90679931640625,-55.735923767089844
I remember seeing a documentary about these girls,I remember seeing a therapist for her turbines,-18.597423553466797,-83.2294921875,-83.13818359375,-33.2777214050293,-51.875144958496094
The surrounding area has a few lookout points,The warmest areas and a vigilant lookout cried,-39.141807556152344,-95.98681640625,-95.624267578125,-33.81689453125,-72.95870208740234
If so it seems like a strange choice,For although I was like a false dichotomy,-22.21155548095703,-83.524658203125,-83.081787109375,-33.067787170410156,-55.27934265136719
