Some people prepare food parcels to send ahead,Depending to limited choices in production and distribution,-5.794677734375,-47.38261604309082,-47.07625865936279,-105.8076171875,-111.602294921875
definitely a show for people with no lives,The localities name was John Doe at first,-7.82470703125,-43.418930530548096,-42.04893255233765,-99.48046875,-107.30517578125
Lucia on a Friday is metal as fuck,View of the prime ministers elect podium onscreen,-18.734130859375,-52.21473169326782,-52.043405532836914,-102.15185546875,-120.885986328125
Ran over so many things in the desert,Outside of the game of heists for money,-11.89599609375,-39.87820243835449,-39.61622142791748,-87.91259765625,-99.80859375
Send me a portfolio and Ill ask around,They with few exceptions got the gold shovels,-9.981201171875,-45.45830011367798,-45.369083404541016,-103.424072265625,-113.4052734375
If he dyed his hair and took meth,Also our go to San Francisco based barber,-7.39990234375,-44.147095680236816,-44.10749006271362,-100.313232421875,-107.713134765625
You install third party code to block ads,More about Gareth to come in spoiler section,-19.935546875,-43.3910870552063,-42.29896640777588,-101.608642578125,-121.544189453125
My mom will find an employee and complain,A converse of this canes is an ich,-34.438232421875,-44.82452583312988,-44.821149826049805,-95.63232421875,-130.070556640625
A couple cheap games and some snacks maybe,Price is avenge for Patrick Kane and Jackman,-15.14306640625,-45.42268705368042,-44.96665048599243,-108.983154296875,-124.126220703125
Logic said Spiderman is black or some shit,It notches a crease right beneath the och,-27.998046875,-50.324965953826904,-49.564457416534424,-110.958251953125,-138.956298828125
