I judge people too quickly on the internet,The implied metaphor of email in one assembly,-14.386474609375,-88.841064453125,-88.62890625,-108.44384765625,-122.830322265625
Someone blind must think colour is a hoax,Such Campeche buzzing and droning flirting with chubby,-17.6474609375,-115.095703125,-115.076904296875,-127.355712890625,-145.003173828125
And I would love yours wrapped around me,The patient suites showcase an rift of light,-12.47265625,-97.9580078125,-97.142578125,-112.396484375,-124.869140625
Chain hoist on a beam frame with roller,Language evolves shipping confides in quantified for conning,-10.706787109375,-129.436279296875,-129.435791015625,-139.18603515625,-149.892822265625
Please try posting again from an Approved Source,Games that begin courses stricter reported slaps who,-15.322998046875,-125.037109375,-125.037109375,-136.259765625,-151.582763671875
I thought it was tough but totally doable,He has nerves were capable of thinking about,-0.577392578125,-84.178955078125,-83.977294921875,-105.242431640625,-105.81982421875
These can also be found in our sidebar,The imprisoned archbishop of Canterbury was to be,-4.804443359375,-86.973876953125,-86.38427734375,-106.57568359375,-111.380126953125
They usually announce hardware at a separate event,Others say the Jonah cutter offerings for Vita,-16.38720703125,-105.974853515625,-105.974853515625,-120.934814453125,-137.322021484375
Its easy when you use your fucking brain,The full moon to strive for perfection writing,-3.889404296875,-89.959228515625,-89.437255859375,-110.8828125,-114.772216796875
if you mean change clothes makeup then no,Internet blocked the forceful reorganize statue is symbolizing,-22.1884765625,-112.29052734375,-112.2890625,-126.08349609375,-148.27197265625
