You are assuming good faith from the left,You are peeking involuntary start towards the exit,-53.47367799282074,-93.97705078125,-93.8876953125,-43.93502426147461,-97.40870225429535
The risk of disease transmission is too high,The spread of disease progression is too soon,-5.9353883266448975,-82.783935546875,-82.380859375,-47.3638858795166,-53.2992742061615
This video some how makes the song worse,A myth dreamed participated swamped the Fuji glows,-129.17554998397827,-109.536865234375,-109.18896484375,-57.00915479660034,-186.1847047805786
As often as opportunity allows to fully dress,As many as ability allows for greater revoke,-63.126073122024536,-101.231201171875,-100.8544921875,-57.423481702804565,-120.5495548248291
Someone who can talk some sense into you,Someone who can talk some sense into him,-0.7745990753173828,-81.9775390625,-81.03466796875,-51.00133800506592,-51.7759370803833
Shame on the Democrats for reacting to racism,Released on the weekly rankings grudges against Sheen,-88.016446352005,-103.12890625,-102.856201171875,-53.36236548423767,-141.37881183624268
Should have been asked during the house proceedings,Cases have been leads during our Van members,-78.34626877307892,-104.07861328125,-103.610595703125,-51.672812819480896,-130.01908159255981
Will hurt is childhood in the long run,Harold propped collaborated participated in the long run,-95.76798510551453,-101.426513671875,-101.4013671875,-56.391865968704224,-152.15985107421875
There were so many great games this generation,They were so many great games this completely,-7.7776994705200195,-84.51611328125,-84.43408203125,-42.70464611053467,-50.48234558105469
And just being excited is not an excuse,And despite enduring Coca is not an instant,-30.465497255325317,-91.991943359375,-91.783935546875,-44.02786350250244,-74.49336075782776
